#"Time (ps)","Potential Energy (kJ/mole)","Total Energy (kJ/mole)","Temperature (K)"
0.20000000000000015,-72.13888549804688,-59.86965689621866,57.86858896076285
0.4000000000000003,-66.14608764648438,-52.21980203688145,65.68420263782627
0.6000000000000004,-53.149505615234375,-31.308950930833817,103.01235087577638
0.8000000000000006,-41.34881591796875,-6.308948963880539,165.2677379981169
1.0000000000000007,-47.242584228515625,1.0013262331485748,227.54544030175538
1.2000000000000008,-50.05841064453125,4.181758150458336,255.8271701524854
1.400000000000001,-44.938140869140625,10.127216339111328,259.7192232433495
1.6000000000000012,-37.4561767578125,24.640377059578896,292.8823046139233
1.8000000000000014,-34.110076904296875,20.461884021759033,257.3920886226027
2.0000000000000013,-7.54913330078125,31.542710214853287,184.37914049361117
2.1999999999999793,-13.988800048828125,39.07211273908615,250.26513496937835
2.3999999999999573,-36.1922607421875,29.225808022543788,308.54843892867564
2.5999999999999353,-24.7803955078125,40.12380400300026,306.1247422481725
2.7999999999999132,-27.4652099609375,19.825336076319218,223.0488369865616
2.999999999999891,-30.052642822265625,8.839783102273941,183.4385748732998
3.199999999999869,-25.18035888671875,43.566790759563446,324.2502584483557
3.399999999999847,-24.22930908203125,34.994541093707085,279.33301707190645
3.599999999999825,-39.02099609375,40.64039784669876,375.72797863545566
3.799999999999803,-31.887481689453125,27.698599010705948,281.04150014015914
3.999999999999781,-40.492156982421875,31.431142330169678,339.2307682654222
4.1999999999997595,-27.47265625,35.926458060741425,299.02591316768104
4.3999999999997375,-24.411865234375,44.59075689315796,325.4552104863415
4.599999999999715,-22.3092041015625,67.76021435856819,424.8180813932824
4.799999999999693,-23.878387451171875,58.173791229724884,387.00426534658874
4.999999999999671,-11.731903076171875,57.83990830555558,328.13982743014486
5.199999999999649,-12.55902099609375,67.796305924654,379.00095721515675
5.399999999999627,-9.866119384765625,77.40119192004204,411.6017666225854
5.599999999999605,-30.528533935546875,59.51867592334747,424.7133331276785
5.799999999999583,-14.07000732421875,53.72547768056393,319.76167226623653
5.999999999999561,-14.23907470703125,56.81443166732788,335.1283351250008
6.199999999999539,-11.43011474609375,65.97216540575027,365.07272625643657
6.399999999999517,-2.710784912109375,65.6837854385376,322.5872960081458
6.599999999999495,-18.737335205078125,47.34923720359802,311.7014784428675
6.799999999999473,-35.396514892578125,41.26219266653061,361.5656193202209
6.999999999999451,-30.8721923828125,37.86122915148735,324.18550894410447
7.199999999999429,-33.429931640625,36.690355867147446,330.7267496012877
7.399999999999407,-34.5963134765625,26.22184920310974,286.85269234728673
7.599999999999385,-30.1478271484375,10.34255463629961,190.97543426782076
7.799999999999363,-23.8646240234375,28.333158239722252,246.1941255214768
7.999999999999341,-31.303955078125,49.30703604221344,380.20681350476
8.199999999999408,-24.957672119140625,50.48747617006302,355.84179063883204
8.399999999999475,-26.545684814453125,54.83519475162029,383.83804081804357
8.599999999999541,-23.4205322265625,54.821692019701004,369.03437544624285
8.799999999999608,-18.528350830078125,56.91168873012066,355.8176949969226
8.999999999999675,16.3671875,77.74839575588703,289.50833224719815
9.199999999999742,-24.2506103515625,36.24677401781082,285.3397212560601
9.399999999999809,-43.58477783203125,10.657956033945084,255.83926847124727
9.599999999999875,-33.5828857421875,16.395503669977188,235.72621944484283
9.799999999999942,-41.22613525390625,27.38966664671898,323.63074853856295
10.000000000000009,-26.646942138671875,43.370568335056305,330.24199525113823
10.200000000000076,-33.92919921875,35.37518095970154,326.8784713270113
10.400000000000142,-3.83538818359375,46.178944528102875,235.89574827945899
10.60000000000021,-16.581329345703125,33.36896879505366,235.5937251951027
10.800000000000276,-18.3544921875,51.81780518591404,330.97205740623554
11.000000000000343,-15.531341552734375,54.93363198637962,332.3524829636319
11.20000000000041,-18.45599365234375,57.949897430837154,360.37319449851725
11.400000000000476,-3.522186279296875,67.19905683398247,333.5611945405207
11.600000000000543,1.18109130859375,72.86618397384882,338.1072516198539
11.80000000000061,-13.7056884765625,46.00017365626991,281.6064568067479
12.000000000000677,-32.723388671875,32.456487238407135,307.42498733812863
12.200000000000744,-30.369415283203125,39.471400678157806,329.4086044619016
12.40000000000081,-26.9290771484375,41.29145020246506,321.7664112450884
12.600000000000877,-9.84979248046875,62.66749393194914,342.0323458089952
12.800000000000944,-6.31134033203125,52.75524137914181,278.5912504598586
13.00000000000101,-28.604583740234375,47.041775584220886,356.7908151513927
13.200000000001078,-32.4765625,53.87374198436737,407.27664623495417
13.400000000001144,-39.76324462890625,37.3399223536253,363.6619401663383
13.600000000001211,-36.226287841796875,16.771302834153175,249.96647224262477
13.800000000001278,-36.2064208984375,32.927860736846924,326.07619084167624
14.000000000001345,-23.71990966796875,31.001334190368652,258.0961909690019
14.200000000001411,-27.00347900390625,20.070328578352928,222.02657642142924
14.400000000001478,-33.797332763671875,12.704222396016121,219.32751185117272
14.600000000001545,-39.925079345703125,5.464444316923618,214.08254530084935
14.800000000001612,-30.080047607421875,21.84788540005684,244.92136452197542
15.000000000001679,-38.93304443359375,18.459563359618187,270.69584711110247
15.200000000001745,-41.764251708984375,21.292053297162056,297.4090315051634
15.400000000001812,-48.778533935546875,22.533431455492973,336.347373345323
15.600000000001879,-51.479522705078125,31.8270862698555,392.92086478583394
15.800000000001946,-42.8660888671875,38.57645010948181,384.12886130913824
16.00000000000201,-34.498931884765625,53.86100760102272,416.7552162113147
16.2000000000019,-16.46002197265625,66.91642127931118,393.25024254903246
16.40000000000179,-40.4251708984375,21.66944931820035,292.8731846642628
16.60000000000168,-28.17205810546875,37.67995838820934,310.59518070616093
16.800000000001567,-10.902862548828125,49.97036524116993,287.1124104060935
17.000000000001457,-25.394317626953125,40.28295296430588,309.7709806583958
17.200000000001346,-16.985687255859375,43.16969710588455,283.7266566936202
17.400000000001235,-38.44122314453125,47.595708429813385,405.79860318024726
17.600000000001124,-22.990966796875,55.230665773153305,368.9372535091807
17.800000000001013,-36.82965087890625,46.719630628824234,394.0654450612716
18.000000000000902,-30.585662841796875,40.54298675060272,335.48275284261706
18.20000000000079,-35.76226806640625,36.054108664393425,338.72646117838855
18.40000000000068,-37.81695556640625,21.615501284599304,280.31692358610337
18.60000000000057,-41.028900146484375,16.057821862399578,269.25311755599586
18.80000000000046,-34.774444580078125,28.758775271475315,299.6584303919061
19.000000000000348,-38.778106689453125,23.508795469999313,293.78009455032173
19.200000000000237,-48.242523193359375,25.3851997256279,347.2697894862704
19.400000000000126,-58.0277099609375,7.571063339710236,309.40074324638437
19.600000000000016,-39.85589599609375,8.482826188206673,227.99262575928935
19.799999999999905,-44.47552490234375,2.211651712656021,220.20300712869448
19.999999999999794,-48.882843017578125,-2.832789272069931,217.19797701240697
20.199999999999683,-53.228790283203125,-6.301748741418123,221.3343451536596
20.399999999999572,-38.30987548828125,16.45361353084445,258.2954429288908
20.59999999999946,-30.819488525390625,24.709960609674454,261.90814202743314
20.79999999999935,-18.40985107421875,51.85605242848396,331.4135566068623
20.99999999999924,-35.868865966796875,48.286348670721054,396.9233668070734
21.19999999999913,-33.644287109375,46.46553552150726,377.84302077926594
21.399999999999018,-17.29449462890625,45.83571967482567,297.75762935928736
21.599999999998907,-25.85955810546875,47.621311128139496,346.5771448357904
21.799999999998796,-7.55108642578125,52.535936929285526,283.4042277027907
21.999999999998685,-18.908935546875,60.02962416410446,372.31868549491577
22.199999999998575,-0.522369384765625,48.862593829631805,232.9272874311362
22.399999999998464,-12.41851806640625,47.377986669540405,282.0339783496402
22.599999999998353,-19.805877685546875,41.837253391742706,290.74370772051265
22.799999999998242,-18.425506591796875,40.46290437877178,277.75089694722345
22.99999999999813,-11.695770263671875,53.59457601606846,307.9460277889983
23.19999999999802,-43.839324951171875,62.69695580750704,502.4850738956618
23.39999999999791,-28.428375244140625,56.42505669593811,400.2165526623898
23.5999999999978,-13.18658447265625,73.9174145758152,410.8314940862365
23.799999999997688,-20.203216552734375,52.94646233320236,345.0150647149327
23.999999999997577,-22.296905517578125,47.092962205410004,327.28167871164806
24.199999999997466,-21.504058837890625,56.830240190029144,369.46865194937396
24.399999999997355,-25.83477783203125,57.278688848018646,392.0098969950879
24.599999999997245,-10.888946533203125,65.79433060018346,361.68150326378145
24.799999999997134,-11.59906005859375,59.98065634071827,337.6102378288508
24.999999999997023,-13.97137451171875,57.30821534991264,336.1946721230599
25.199999999996912,-18.491668701171875,42.42659690976143,287.32483412334346
25.3999999999968,-26.189056396484375,26.38453696668148,247.96666222927803
25.59999999999669,-52.131561279296875,20.023590117692947,340.32431321491805
25.79999999999658,-30.882659912109375,7.333332926034927,180.24813564468892
25.99999999999647,-40.726593017578125,32.06587556004524,343.33025981193714
26.199999999996358,-25.913543701171875,32.57872208207846,275.8824532367287
26.399999999996247,-41.615203857421875,27.2199105322361,324.6651496972394
26.599999999996136,-30.657135009765625,23.60111055523157,255.91243037602973
26.799999999996025,-14.638824462890625,37.268699772655964,244.82510526457125
26.999999999995914,-25.927764892578125,30.618718773126602,266.705049406249
27.199999999995804,-5.16436767578125,59.33761367201805,304.2276549655612
27.399999999995693,-12.709503173828125,55.7400980591774,322.8468526285905
27.599999999995582,-22.79400634765625,50.90169581770897,347.5904178806196
27.79999999999547,-25.610626220703125,33.399492621421814,278.32493978405915
27.99999999999536,-34.65826416015625,41.559098958969116,359.48399048956156
28.19999999999525,-28.412322998046875,40.79263116419315,326.4095222633927
28.39999999999514,-27.83172607421875,49.95991235971451,366.9091591012311
28.599999999995028,-25.350372314453125,55.661153726279736,382.09596166761054
28.799999999994917,-17.691925048828125,67.13889279961586,400.1098918757991
28.999999999994806,-3.1910400390625,62.480692118406296,309.74485828681946
29.199999999994695,-24.438018798828125,50.249723583459854,352.2694380055764
29.399999999994584,-26.931915283203125,24.063312858343124,240.5222033147006
29.599999999994473,-26.49609375,25.0333454310894,243.04184330747228
29.799999999994363,-25.61614990234375,27.101931903511286,248.6481510637362
29.99999999999425,-48.24395751953125,-3.9578653648495674,208.8781411405004
30.19999999999414,-45.62060546875,0.32810819149017334,216.72000012160635
30.39999999999403,-31.82904052734375,15.425345793366432,222.8782874074742
30.59999999999392,-23.734100341796875,20.12874101102352,206.88185209290904
30.79999999999381,-37.62652587890625,12.841516524553299,238.03569859844077
30.999999999993697,-59.57952880859375,11.633477091789246,335.88062467884737
31.199999999993587,-24.64337158203125,31.095662832260132,262.89666418879915
31.399999999993476,-35.510772705078125,53.58190417289734,420.21121824214646
31.599999999993365,-8.285308837890625,71.010682284832,374.00453324615484
31.799999999993254,-20.368316650390625,47.947392761707306,322.2153434277468
31.999999999993143,-26.821136474609375,50.33976900205016,363.93426740811844
32.19999999999339,-13.69500732421875,45.45551326870918,278.9871534790081
32.39999999999363,-13.657989501953125,56.2895565032959,329.9120034317931
32.59999999999388,-7.3843994140625,67.81400774419308,354.67802056412495
32.79999999999412,-38.791351318359375,40.238574266433716,372.74961838958643
32.999999999994365,-34.271026611328125,47.004605531692505,383.34163472264214
33.19999999999461,-32.354217529296875,26.036116510629654,275.4016857534673
33.399999999994854,-41.2940673828125,5.548967078328133,220.9381204701552
33.5999999999951,-46.79425048828125,2.721560299396515,233.54443824643235
33.79999999999534,-26.533203125,27.16491251438856,253.2705423257216
33.99999999999559,-53.41619873046875,31.451348781585693,400.28312964608756
34.19999999999583,-40.467132568359375,25.370735108852386,310.52844692273055
34.399999999996076,-30.960662841796875,7.771583691239357,182.68307869112664
34.59999999999632,-31.141845703125,16.36366993188858,224.06275462518144
34.799999999996565,-44.882965087890625,20.60819999873638,308.89320233178773
34.99999999999681,-42.99652099609375,15.545468032360077,276.11697605245377
35.199999999997054,-44.49420166015625,15.611508592963219,283.4923656336629
35.3999999999973,-36.21624755859375,22.833116501569748,278.51004232514396
35.59999999999754,-39.25543212890625,23.27621404081583,294.9344450796445
35.79999999999779,-30.66455078125,34.78834331035614,308.7126947748863
35.99999999999803,-35.53131103515625,38.12199047207832,347.3904325077281
36.199999999998276,-15.260040283203125,49.155456840991974,303.8197466813683
36.39999999999852,-24.128662109375,37.1369434595108,288.96308489759406
36.599999999998765,-12.194549560546875,50.86069626361132,297.404035806648
36.79999999999901,-18.9130859375,39.3854159116745,274.9685534456053
36.999999999999254,-25.48028564453125,37.930500984191895,299.0809663901308
37.1999999999995,-31.9071044921875,47.033110439777374,372.3264924488778
37.39999999999974,-29.183074951171875,37.0848394036293,312.55678914594546
37.59999999999999,-19.65191650390625,48.97303040511906,323.67388154629487
37.80000000000023,-27.10302734375,47.4701192677021,351.7289398394443
38.000000000000476,-22.962890625,67.44718286395073,426.4248022785112
38.20000000000072,-22.4981689453125,77.59076811373234,472.0757715221373
38.400000000000965,-26.92376708984375,69.59699741005898,455.2462610559862
38.60000000000121,-18.1402587890625,77.5204029083252,451.1895320506007
38.800000000001454,-7.05059814453125,92.92332836985588,471.5333170491676
39.0000000000017,-25.5419921875,69.63496899604797,448.9081281315858
39.20000000000194,-22.190185546875,67.94445940852165,425.12572626374595
39.40000000000219,-5.915435791015625,69.962710916996,357.88405493529524
39.60000000000243,-31.857666015625,41.34087137877941,345.2455089454144
39.800000000002676,-17.48126220703125,48.21004331111908,309.8371772744771
40.00000000000292,-24.9295654296875,40.604924492537975,309.0975466458766
40.200000000003165,-41.20025634765625,51.73872122168541,438.3525375501103
40.40000000000341,-27.05419921875,30.6792138684541,272.30327673147366
40.600000000003654,-10.528411865234375,27.045841097831726,177.2213291309446
40.8000000000039,-17.0738525390625,30.256851442158222,223.23824445692335
41.00000000000414,-21.27117919921875,36.01868983358145,270.21127328094985
41.20000000000439,-34.151275634765625,34.00539903342724,321.46524604801823
41.40000000000463,-33.257904052734375,56.500775799155235,423.35246318873914
41.600000000004876,-28.87396240234375,55.43083256483078,397.6288718469113
41.80000000000512,-19.1033935546875,66.52094173431396,403.85256683043923
42.000000000005365,-30.77374267578125,58.112243473529816,419.2363484106969
42.20000000000561,-51.49053955078125,37.957512587308884,421.8873680248097
42.40000000000585,-34.02862548828125,26.776306867599487,286.79029069236975
42.6000000000061,-26.0958251953125,18.06553354859352,208.28982815750035
42.80000000000634,-46.71954345703125,12.920600153505802,281.29649125983065
43.00000000000659,-36.971435546875,24.8249409198761,291.4664992456097
43.20000000000683,-30.95208740234375,42.3064408749342,345.5284597204847
43.400000000007076,-17.445587158203125,54.99946480989456,341.691647505717
43.60000000000732,-8.69537353515625,49.489986293017864,274.43491198207556
43.800000000007564,-18.66961669921875,61.330626755952835,377.3261836998007
44.00000000000781,-12.543212890625,49.32066375017166,291.7848680651491
44.20000000000805,-21.64312744140625,50.03345060348511,338.06709187697396
44.4000000000083,-22.166748046875,43.20068779587746,308.30962556518193
44.60000000000854,-23.212738037109375,67.35887312889099,427.18670489995793
44.80000000000879,-5.16583251953125,62.7368146777153,320.26710949208643
45.00000000000903,-18.94305419921875,39.85454958677292,277.32259914550286
45.200000000009275,-20.88568115234375,32.458364084362984,251.60054698527185
45.40000000000952,-32.027008056640625,37.88018906861544,329.7216953996328
45.600000000009764,-27.0687255859375,36.26297669112682,298.7079600677373
45.80000000001001,-28.08587646484375,26.998596340417862,259.80938315983576
46.00000000001025,-14.237213134765625,41.505293130874634,262.9130393942144
46.2000000000105,-36.082489013671875,48.39150933921337,398.4269302657596
46.40000000001074,-38.084564208984375,26.21045307815075,303.2514959465304
46.600000000010986,-22.13885498046875,39.73036374151707,291.8100643273236
46.80000000001123,-18.541717529296875,32.29802429676056,239.78884232094546
47.000000000011475,-42.053924560546875,15.79656207561493,272.85546149407577
47.20000000001172,-26.417236328125,13.048669055104256,186.14342683664245
47.400000000011964,-28.133880615234375,23.928274750709534,245.55443272401453
47.60000000001221,-48.110809326171875,22.56749839708209,333.3586870709901
47.80000000001245,-39.9765625,35.982071086764336,358.2636763650061
48.0000000000127,-33.9962158203125,37.100147396326065,335.3304721191436
48.20000000001294,-38.293731689453125,31.73235785961151,330.28245899995414
48.400000000013186,-38.90399169921875,29.433927178382874,322.3200957697221
48.60000000001343,-42.0732421875,34.19635997712612,359.73037923574043
48.800000000013675,-17.525177001953125,38.412009581923485,263.83126136891053
49.00000000001392,-30.492340087890625,31.267119213938713,291.2923771135846
49.200000000014164,-33.7188720703125,33.2305499240756,315.7711628240917
49.40000000001441,-43.71612548828125,21.36605566740036,306.9642038788688
49.60000000001465,-26.99737548828125,28.70666539669037,262.73161500516994
49.8000000000149,-13.05157470703125,48.83457188308239,291.8899056828368
50.00000000001514,-9.9566650390625,48.41026932001114,275.291319685882
50.200000000015386,-16.732666015625,52.76310054957867,327.7811572665328
50.40000000001563,-17.982391357421875,68.13607762753963,406.1831795096189
50.600000000015875,-38.825042724609375,56.51323999464512,449.6690113087831
50.80000000001612,13.7197265625,80.46360728144646,314.8017144611171
51.000000000016364,-15.3590087890625,66.19669795781374,384.6626242204215
51.20000000001661,-26.1080322265625,65.18947690725327,430.61044835524757
51.40000000001685,-18.65533447265625,59.16989219561219,367.0675801226123
51.6000000000171,-6.900848388671875,69.80637823045254,361.79446252071284
51.80000000001734,1.5123291015625,69.53374143689871,320.8272727413028
52.000000000017586,2.58148193359375,68.93855902552605,312.97733080778136
52.20000000001783,-31.629974365234375,47.940505266189575,375.2991755745342
52.400000000018075,-33.7386474609375,42.47192281484604,359.4519516163789
52.60000000001832,-30.757415771484375,27.447214104235172,274.52580037423536
52.800000000018564,-25.1949462890625,28.588246285915375,253.6718130474136
53.00000000001881,-23.660400390625,30.361110620200634,254.79585695053157
53.20000000001905,-21.38323974609375,35.312270395457745,267.40794215973165
53.4000000000193,-28.033172607421875,35.942230105400085,301.7440136893295
53.60000000001954,-38.91900634765625,31.230533361434937,330.8647194500245
53.800000000019786,-39.311126708984375,26.535108149051666,310.56791125774254
54.00000000002003,-17.854217529296875,26.36670818924904,208.57077954270468
54.200000000020275,-45.557647705078125,8.827932387590408,256.5130116905899
54.40000000002052,-46.918304443359375,-4.990078531205654,197.75711659679132
54.60000000002076,-46.6822509765625,-0.26944413781166077,218.90892480940016
54.80000000002101,-46.12506103515625,2.3316549211740494,228.5491508119328
55.00000000002125,-46.070220947265625,19.395939521491528,308.7752664777426
55.2000000000215,-22.1495361328125,33.81940770149231,263.9810464394471
55.40000000002174,-21.0565185546875,30.43363307416439,242.85654109447347
55.600000000021986,-31.025177001953125,34.142575174570084,307.36780498475224
55.80000000002223,-35.04168701171875,43.2068210542202,369.06401347726364
56.000000000022474,-22.668731689453125,42.631663635373116,307.99342474266155
56.20000000002272,-26.621856689453125,45.27998495101929,339.12956180426517
56.40000000002296,-8.607147216796875,47.10241663455963,262.75766442375556
56.60000000002321,-36.329925537109375,36.56819128990173,343.8285564299766
56.80000000002345,-30.686248779296875,40.200449749827385,334.341575423589
57.0000000000237,-27.502105712890625,21.389099344611168,230.59844600559134
57.20000000002394,-27.262786865234375,27.76322028040886,259.53362619625034
57.400000000024185,-32.91339111328125,29.530589282512665,294.52096393897847
57.60000000002443,-25.68389892578125,32.509099900722504,274.47094179851763
57.800000000024674,-20.456085205078125,40.36206570267677,286.8526368242976
58.00000000002492,-23.767333984375,37.554696656763554,289.22921730242905
58.20000000002516,-51.165740966796875,22.857682704925537,349.1361369930796
58.40000000002541,-48.127838134765625,16.03760178387165,302.64033613204117
58.60000000002565,-43.039276123046875,13.2554372549057,265.51755899692597
58.800000000025896,-41.89422607421875,19.958494633436203,291.73225040430003
59.00000000002614,-44.6612548828125,13.351260095834732,273.6196783699342
59.200000000026385,-37.91754150390625,7.054745361208916,212.114621683312
59.40000000002663,-39.8690185546875,5.4610351622104645,213.8020515586116
59.600000000026874,-36.431396484375,17.08849859237671,252.4299538243344
59.80000000002712,-41.60101318359375,1.8869818150997162,205.1138656697708
60.00000000002736,-50.8157958984375,1.9747681338340044,248.9900180468675
60.20000000002761,-36.67034912109375,7.779672175645828,209.6513232571842
60.40000000002785,-32.9310302734375,6.889423739165068,187.81567776338358
60.600000000028096,-41.634002685546875,8.563179217278957,236.75816799846947
60.80000000002834,-38.025665283203125,16.670250490307808,257.97672946269597
61.000000000028585,-42.241424560546875,22.178856372833252,303.84230981849606
61.20000000002883,-39.84332275390625,12.285062581300735,245.866810542747
61.400000000029074,-27.24609375,24.58951200544834,244.4858972264336
61.60000000002932,-27.394927978515625,29.676964223384857,269.18317183792794
61.80000000002956,-15.79742431640625,21.193834021687508,174.47159828691812
62.00000000002981,-23.454345703125,23.37773121148348,220.88643851223708
62.20000000003005,-31.910736083984375,12.538665279746056,209.64839930412617
62.400000000030296,-32.68389892578125,29.027169406414032,291.06413805944
62.60000000003054,-27.868804931640625,32.273715287446976,283.6659821550758
62.800000000030785,-31.926971435546875,24.617074977606535,266.69355395118305
63.00000000003103,-36.7559814453125,20.722069635987282,271.098845757413
63.200000000031274,-35.461212158203125,13.788500346243382,232.28936894458724
63.40000000003152,-42.8994140625,12.560875207185745,261.5819451692523
63.60000000003176,-42.605682373046875,15.476579114794731,273.9486421705937
63.80000000003201,-27.008819580078125,13.43397007137537,190.75096297560398
64.00000000003224,-31.90814208984375,7.656040608882904,186.60695798104044
64.20000000003178,-34.024078369140625,8.342594265937805,199.8250781625529
64.40000000003131,-25.080108642578125,25.429170846939087,238.23019591041157
64.60000000003085,-30.711761474609375,35.75662457942963,313.5023265336612
64.80000000003038,-31.880126953125,41.81876230239868,347.60544999195656
65.00000000002991,-47.76605224609375,38.70119985938072,407.8282370509226
65.20000000002945,-27.70745849609375,35.26499906182289,297.0135597379901
65.40000000002898,-28.208251953125,41.40021786093712,328.3127292336376
65.60000000002852,-30.15679931640625,27.872219622135162,273.69752033558143
65.80000000002805,-34.6357421875,29.16801066696644,300.9344163282641
66.00000000002758,-35.18267822265625,34.63980858027935,329.322153832499
66.20000000002712,-53.13177490234375,41.70738436281681,447.3148641212954
66.40000000002665,-40.438140869140625,25.914889112114906,312.9582423555377
66.60000000002618,-19.23541259765625,31.50070922449231,239.3001120503707
66.80000000002572,-38.61334228515625,37.333132147789,358.20632695068656
67.00000000002525,-21.70343017578125,36.80450804531574,275.9563732763003
67.20000000002479,-25.890625,40.67872700095177,313.97853877735986
67.40000000002432,-27.14300537109375,33.40729242563248,285.58929076669216
67.60000000002385,-33.72491455078125,26.900588288903236,285.94400008542465
67.80000000002339,-33.075286865234375,42.87845712900162,358.2406142940813
68.00000000002292,-34.845977783203125,42.276111379265785,363.7511878190288
68.20000000002246,-51.31689453125,37.24082854390144,417.6880749596089
68.40000000002199,-43.4788818359375,20.173096789047122,300.21856362181023
68.60000000002152,-36.786590576171875,38.956673197448254,357.2478710853212
68.80000000002106,-36.711822509765625,19.695927247405052,266.05070219434026
69.00000000002059,-40.08880615234375,17.47332015633583,271.4953918592844
69.20000000002013,-28.977325439453125,9.226739641278982,180.19187762608723
69.40000000001966,-37.174407958984375,12.805996119976044,235.73572174759374
69.6000000000192,-40.53759765625,19.467812225222588,283.0192926175989
69.80000000001873,-23.53875732421875,32.677851155400276,265.1491723277907
70.00000000001826,-15.31854248046875,28.8375461474061,208.26497132352324
70.2000000000178,-29.140960693359375,22.572131918743253,243.9080562745169
70.40000000001733,-33.683837890625,28.107605814933777,291.4432335669641
70.60000000001686,-23.972412109375,38.30568301677704,293.73855562342055
70.8000000000164,-12.886932373046875,30.600803434848785,205.11264318005874
71.00000000001593,-11.6556396484375,52.487795025110245,302.5365470085035
71.20000000001546,-27.146728515625,43.83370941877365,334.7837032287912
71.400000000015,-28.430877685546875,53.87328778207302,388.1927768869354
71.60000000001453,-6.00384521484375,34.37767115980387,190.46196370883428
71.80000000001407,-28.864990234375,16.75277979671955,215.15908366420516
72.0000000000136,-39.014862060546875,19.912109464406967,277.9327702290924
72.20000000001313,-49.39788818359375,21.0617915391922,332.3275143457128
72.40000000001267,-44.949615478515625,21.425443902611732,313.0621454066264
72.6000000000122,-33.505523681640625,22.425012471154332,263.7998941921169
72.80000000001174,-30.2596435546875,34.5386146903038,305.6250635996802
73.00000000001127,-33.90447998046875,19.111014902591705,250.05091856240287
73.2000000000108,-33.1800537109375,17.90439110994339,240.94299939833465
73.40000000001034,-25.876800537109375,18.76013182476163,210.53290106059205
73.60000000000987,-23.58001708984375,36.96198587631807,285.5501676762348
73.8000000000094,-15.320587158203125,24.01141031086445,185.51184173095282
74.00000000000894,-15.434356689453125,43.51253643631935,278.02673171327586
74.20000000000847,-21.161346435546875,41.668200585991144,296.3395131979636
74.400000000008,-26.149261474609375,55.91897356510162,387.0799961735691
74.60000000000754,-30.919342041015625,38.245430782437325,326.22000444987543
74.80000000000707,-35.341094970703125,38.301330268383026,347.33913390442274
75.00000000000661,-25.270233154296875,31.082982689142227,265.7934895577052
75.20000000000614,-21.6893310546875,37.02186891436577,276.91507010441023
75.40000000000568,-19.970672607421875,40.804629534482956,286.6505379231422
75.60000000000521,-12.780029296875,49.59423127770424,294.19212601385505
75.80000000000474,-12.588836669921875,45.53742532432079,274.1561733285517
76.00000000000428,-38.47930908203125,32.7840840369463,336.11827916686383
76.20000000000381,-19.35003662109375,36.18412182480097,261.9303537883785
76.40000000000335,-11.99755859375,38.18141779303551,236.67230053615816
76.60000000000288,-22.54058837890625,34.83202116191387,270.6015240949494
76.80000000000241,-28.275177001953125,52.40536007285118,380.53483137641905
77.00000000000195,-42.767852783203125,55.61379501223564,464.0232342486838
77.20000000000148,-16.375885009765625,70.64587305486202,410.4435993094551
77.40000000000101,-0.206146240234375,91.79578292369843,433.9328897655003
77.60000000000055,-36.5548095703125,68.53838443756104,495.6786644034924
77.80000000000008,-3.38861083984375,52.52339671552181,263.7125028960984
77.99999999999962,-21.811309814453125,44.663146287202835,313.53095629531265
78.19999999999915,-7.94451904296875,46.32942447066307,255.98647073883862
78.39999999999868,-16.578033447265625,51.417130529880524,320.70347070775284
78.59999999999822,-11.394287109375,54.865506552159786,312.5184873850149
78.79999999999775,-23.2239990234375,28.642942175269127,244.63369281690348
78.99999999999729,-16.074462890625,46.28368861973286,294.11614659850443
79.19999999999682,-47.7340087890625,12.808745592832565,285.5537117758369
79.39999999999635,-45.290496826171875,6.592779725790024,244.71073953872568
79.59999999999589,-56.396942138671875,3.466656506061554,282.35043099351503
79.79999999999542,-34.370849609375,9.635725073516369,207.55977939117452
79.99999999999496,-47.988739013671875,5.783611103892326,253.62067391456677
80.19999999999449,-38.05328369140625,19.229655116796494,270.17858644042786
80.39999999999402,-32.2305908203125,25.755652852356434,273.4957681016967
80.59999999999356,-36.904937744140625,34.543765127658844,336.9923042799728
80.79999999999309,-38.44775390625,43.72351670265198,387.56596992101095
80.99999999999262,-40.3438720703125,61.47850000858307,480.25162690060716
81.19999999999216,-27.51873779296875,61.60925871133804,420.3778054828562
81.39999999999169,-15.688629150390625,68.0573158711195,394.9930209025758
81.59999999999123,-7.75408935546875,56.519212394952774,303.14907325078286
81.79999999999076,-17.880767822265625,59.943016707897186,367.0607781874648
81.9999999999903,-24.833587646484375,31.233245491981506,264.4427475039548
82.19999999998983,-29.803497314453125,30.92994996905327,286.45312684904184
82.39999999998936,-15.126953125,49.043462976813316,302.6638066132061
82.5999999999889,-21.656005859375,44.744088273495436,313.18022338898135
82.79999999998843,-19.408477783203125,54.34349971264601,347.85584401897677
82.99999999998796,-13.167449951171875,42.723782896995544,263.614517681979
83.1999999999875,-30.34527587890625,24.428939804434776,258.34603591582925
83.39999999998703,-30.9033203125,26.95865699648857,272.90965797571886
83.59999999998657,-46.886077880859375,29.130216479301453,358.5356370320642
83.7999999999861,-26.96881103515625,30.220723062753677,269.73803724517296
83.99999999998563,-46.57147216796875,46.22117820382118,437.66237611260647
84.19999999998517,-28.11614990234375,57.564939580857754,404.1202515596546
84.3999999999847,-20.509765625,61.80066055059433,388.22230591016364
84.59999999998423,-26.758697509765625,48.380810126662254,354.40021726212075
84.79999999998377,-25.950286865234375,43.20168510079384,326.15962840010917
84.9999999999833,-38.58636474609375,41.29519593715668,376.76640893580236
85.19999999998284,-8.332427978515625,44.34469462931156,248.45496442814914
85.39999999998237,0.361602783203125,42.58660809695721,199.15689532458137
85.5999999999819,-17.9986572265625,47.12850683927536,307.1763686059734
85.79999999998144,-27.836181640625,23.605528116226196,242.62806195611262
85.99999999998097,-40.06146240234375,23.076345443725586,297.793444779681
86.1999999999805,-44.11700439453125,23.118553079664707,317.1207388247886
86.39999999998004,-34.48760986328125,25.00619699060917,280.606284736254
86.59999999997957,-32.946197509765625,13.222729928791523,217.75865226792163
86.79999999997911,-48.86529541015625,-2.866744264960289,216.9550617563138
86.99999999997864,-47.59332275390625,-0.1749425083398819,223.65177507630375
87.19999999997817,-44.3525390625,0.8037706054747105,212.98257681591912
87.39999999997771,-37.71636962890625,11.615927152335644,232.67888288418263
87.59999999997724,-36.7684326171875,11.878646224737167,229.44700934382155
87.79999999997678,-27.11767578125,4.458837948739529,148.93261452332604
87.99999999997631,-27.850921630859375,21.30072969198227,231.82685720929746
88.19999999997584,-38.323760986328125,11.78089365363121,236.3217573392298
88.39999999997538,-27.193450927734375,28.653354428708553,263.4049726208674
88.59999999997491,-30.34100341796875,31.86934567987919,293.41902721679605
88.79999999997445,-23.76239013671875,38.595683205872774,294.1157779153145
88.99999999997398,-23.76800537109375,35.50667535699904,279.57276257150613
89.19999999997351,-33.660797119140625,31.72247478365898,308.3843173391611
89.39999999997305,-30.054473876953125,20.065148135647178,236.39235189438006
89.59999999997258,-17.197479248046875,33.5846192240715,239.51696381385483
89.79999999997212,-47.4796142578125,6.529547929763794,254.7376129484059
89.99999999997165,-33.54852294921875,9.898990154266357,204.92293026297463
90.19999999997118,-51.984710693359375,23.582672894001007,356.41832111642657
90.39999999997072,-34.455291748046875,36.84789177775383,336.305953125167
90.59999999997025,-10.215301513671875,41.09690515883267,242.01725250749817
90.79999999996978,-22.917694091796875,29.600117474794388,247.7035638746686
90.99999999996932,-32.35650634765625,7.255874961614609,186.83428976143017
91.19999999996885,-53.11907958984375,19.278857469558716,341.4694270733093
91.39999999996839,-48.5799560546875,24.77704755961895,345.9929248458982
91.59999999996792,-37.20440673828125,17.12374599277973,256.242151924926
91.79999999996745,-34.110137939453125,14.640341445803642,229.93470451477253
91.99999999996699,-48.71282958984375,21.137007474899292,329.4511530638173
92.19999999996652,-18.50701904296875,20.002240240573883,181.6313452934366
92.39999999996606,-40.366943359375,24.57333394885063,306.29490545050976
92.59999999996559,-33.03515625,30.77033841609955,300.9426316924662
92.79999999996512,-36.04742431640625,15.266683533787727,242.02621953173593
92.99999999996466,-39.205352783203125,23.165797360241413,294.1774554696288
93.19999999996419,-31.986724853515625,29.163113921880722,288.41706352940884
93.39999999996373,-29.95172119140625,41.32598005235195,336.185764337986
93.59999999996326,-21.537750244140625,45.83052743971348,317.7467220474298
93.7999999999628,-32.446624755859375,44.71332958340645,363.9297813087337
93.99999999996233,-16.19989013671875,46.8049191236496,297.166148578912
94.19999999996186,-25.46197509765625,35.378118462860584,286.9561307271824
94.3999999999614,-23.4111328125,36.86804426461458,284.3105328275325
94.59999999996093,-22.7203369140625,41.59885114431381,303.3654989104667
94.79999999996046,-21.49029541015625,30.645313292741776,245.90088001112116
94.99999999996,-15.11572265625,36.00025054812431,241.09170500356777
95.19999999995953,-26.70001220703125,36.35374954342842,297.3970360796371
95.39999999995906,-22.449554443359375,29.764522522687912,246.27098051328093
95.5999999999586,-41.231414794921875,17.8239706158638,278.53844240435444
95.79999999995813,-25.208465576171875,33.12756935507059,275.14558058961813
95.99999999995767,-30.7142333984375,28.203179508447647,277.88768640532476
96.1999999999572,-45.9151611328125,35.282642900943756,382.97455354657353
96.39999999995673,-33.6512451171875,24.127811014652252,272.5185550244011
96.59999999995627,-49.618743896484375,16.240981340408325,310.63153947874287
96.7999999999558,-44.6693115234375,10.092568188905716,258.2878525321569
96.99999999995534,-39.67108154296875,1.038724146783352,192.01036092699033
97.19999999995487,-45.605224609375,2.4147781133651733,226.48936535772853
97.3999999999544,-32.609588623046875,2.824779212474823,167.12842623640853
97.59999999995394,-44.727386474609375,-2.6718896329402924,198.35739794664582
97.79999999995347,-25.26104736328125,12.793859764933586,179.48836475461258
97.999999999953,-28.05108642578125,19.208755627274513,222.90401971248147
98.19999999995254,-43.18798828125,16.465140365064144,281.3577359983885
98.39999999995207,-26.678924560546875,13.009433701634407,187.19263984203832
98.5999999999516,-26.5391845703125,46.931214570999146,346.5277619864561
98.79999999995114,-24.551788330078125,39.28277802467346,301.07975014184854
98.99999999995067,-36.80126953125,23.701633781194687,285.3657516984343
99.19999999995021,-41.53753662109375,20.58486121892929,293.0041995733619
99.39999999994974,-22.509857177734375,17.262815810739994,187.59031555560898
99.59999999994928,-34.59368896484375,21.068086713552475,262.53226849806447
99.79999999994881,-44.6077880859375,12.553088009357452,269.602869972023
99.99999999994834,-44.91265869140625,26.463166177272797,336.6485705911059
100.19999999994788,-34.7481689453125,22.82060013897717,271.5267229285646
100.39999999994741,-39.71600341796875,18.115256670862436,272.76477827341716
100.59999999994695,-46.721893310546875,-0.4801838994026184,218.10193302273368
100.79999999994648,-30.169952392578125,9.124832700937986,185.33632721941132
100.99999999994601,-39.42742919921875,8.835128426551819,227.63339082496876
101.19999999994555,-28.095001220703125,18.270868495106697,218.68754291469247
101.39999999994508,-42.233551025390625,18.673417139798403,287.2715490093972
101.59999999994461,-42.704437255859375,16.272316426038742,278.167570905751
101.79999999994415,-26.449981689453125,25.164440089371055,243.44266907873543
101.99999999994368,-31.242462158203125,33.816363491117954,306.8540461630571
102.19999999994322,-31.192138671875,30.59166396036744,291.4071939637167
102.39999999994275,-36.6829833984375,23.40646417438984,283.41566167844564
102.59999999994228,-23.9957275390625,29.27107858657837,251.23624385627974
102.79999999994182,-30.72821044921875,27.556876569986343,274.905281555687
102.99999999994135,-3.860443115234375,50.85794011782855,258.0826986498389
103.19999999994089,-13.136810302734375,53.586493134498596,314.7046604167226
103.39999999994042,-11.83447265625,37.19943764805794,231.27152428442773
103.59999999993995,-39.34210205078125,45.22045689821243,398.84463189156156
103.79999999993949,-22.97772216796875,41.78343699127436,305.4500834266266
103.99999999993902,-26.9903564453125,31.901779353618622,277.7684653346463
104.19999999993856,-29.28155517578125,26.9807750582695,265.3648218604256
104.39999999993809,-41.1966552734375,7.096917420625687,227.77967534674775
104.59999999993762,-40.805908203125,12.402882635593414,250.96261110386237
104.79999999993716,-38.14599609375,22.689179997891188,286.9329371757109
104.99999999993669,-21.31744384765625,31.562483370304108,249.41150513694276
105.19999999993622,-5.733123779296875,47.926609098911285,253.0895076166938
105.39999999993576,-12.041015625,59.79213088005781,338.80555687421446
105.59999999993529,-31.432525634765625,44.86319077014923,359.853548693767
105.79999999993483,-19.423583984375,53.92452111840248,345.9509544561741
105.99999999993436,-14.9813232421875,41.16329750418663,264.809637652828
106.1999999999339,-35.700042724609375,39.13056072592735,352.9432512260547
106.39999999993343,-36.781036376953125,32.69144305586815,327.6713220408927
106.59999999993296,-14.516448974609375,40.90275660157204,261.38817134291423
106.7999999999325,-36.233551025390625,39.46559543162584,357.0397889846903
106.99999999993203,-12.8880615234375,46.814567655324936,281.5912083753855
107.19999999993156,-26.50146484375,42.13589368760586,323.73242174423973
107.3999999999311,-3.210906982421875,56.50962076149881,281.6756280845412
107.59999999993063,14.93414306640625,79.36568406224251,303.89541861181084
107.79999999993017,-11.618927001953125,51.31784526258707,296.84524780564595
107.9999999999297,-22.136016845703125,48.036930829286575,330.97512459454896
108.19999999992923,-25.78533935546875,32.29457615315914,273.9375772119696
108.39999999992877,-21.2354736328125,39.790994971990585,287.83518035453534
108.5999999999283,-26.647216796875,32.409373082220554,278.54412335495067
108.79999999992783,-19.132537841796875,36.06157544255257,260.32650938053797
108.99999999992737,-0.5462646484375,45.073483645915985,215.16841426738347
109.1999999999269,-35.787872314453125,58.39813560247421,444.23423467614475
109.39999999992644,-0.888946533203125,60.022356897592545,287.2919965625049
109.59999999992597,-19.006500244140625,61.639535427093506,380.37210333486354
109.7999999999255,-1.741455078125,55.35454985499382,269.29690105244333
109.99999999992504,-31.72119140625,48.86336877942085,380.082150337762
110.19999999992457,-9.4505615234375,41.834689166396856,241.89011291854777
110.3999999999241,-43.31982421875,18.558362163603306,291.85236086189695
110.59999999992364,-31.49322509765625,19.119678914546967,238.7189474940831
110.79999999992317,-35.299774169921875,13.552500113844872,230.41482656085606
110.99999999992271,-44.29425048828125,23.236510775983334,318.5130860816157
111.19999999992224,-36.912750244140625,23.179483205080032,283.4288014398057
111.39999999992177,-28.060089111328125,27.041257798671722,259.88897093693794
111.59999999992131,-40.16424560546875,40.349187314510345,379.7466741121738
111.79999999992084,-31.45550537109375,44.98259008675814,360.5250884586881
111.99999999992038,-38.775390625,48.31952220201492,410.7886383508241
112.19999999991991,-35.68896484375,37.72124046087265,346.2438539669406
112.39999999991944,-25.72552490234375,31.416573479771614,269.5143037058886
112.59999999991898,-7.139129638671875,49.27085518091917,266.0612440069271
112.79999999991851,-24.65802001953125,42.67338581383228,317.57281364377155
112.99999999991805,-22.87628173828125,44.73399786558002,318.8881393354346
113.19999999991758,-10.8480224609375,73.22647926211357,396.54267926568946
113.39999999991711,-24.966796875,49.92824101448059,353.2471603130208
113.59999999991665,-35.914276123046875,29.64201220870018,309.20036021643926
113.79999999991618,-30.6456298828125,43.24050813913345,348.4886205847586
113.99999999991572,-49.9039306640625,13.36062966287136,298.3912808338412
114.19999999991525,-45.30572509765625,20.496437914669514,310.3600436234423
114.39999999991478,-15.23651123046875,31.19484408199787,218.9964098531745
114.59999999991432,-26.1240234375,28.882050663232803,259.4396107352876
114.79999999991385,-34.21380615234375,25.685787588357925,282.52020412928323
114.99999999991338,-43.66583251953125,16.433459520339966,283.46209372689685
115.19999999991292,-23.765411376953125,34.74384294450283,275.9625807464825
115.39999999991245,-19.459991455078125,35.0245955735445,256.97998413579637
115.59999999991199,-21.6505126953125,46.74367827177048,322.58550662168665
115.79999999991152,-14.539642333984375,43.20527845621109,272.35755353696004
115.99999999991105,-23.10040283203125,49.168629467487335,340.86143965968375
116.19999999991059,-24.7315673828125,54.90446448326111,375.6083568153039
116.39999999991012,-15.640167236328125,60.29874116182327,358.1706412713536
116.59999999990966,-5.678497314453125,71.89594733715057,365.8847509560777
116.79999999990919,-18.69287109375,66.61576537787914,402.36355348731877
116.99999999990872,-10.236846923828125,61.97964555025101,340.6136322659921
117.19999999990826,-5.971710205078125,47.902266919612885,254.10000409037403
117.39999999990779,-15.892913818359375,45.71599342674017,290.58228886184276
117.59999999990733,-14.18658447265625,22.536208594217896,173.205364937241
117.79999999990686,-24.127410888671875,29.267674416303635,251.841280679869
117.9999999999064,-34.62939453125,29.042765378952026,300.31374992380574
118.19999999990593,-27.91436767578125,40.99037916585803,324.99357553987437
118.39999999990546,-12.833892822265625,54.806097120046616,319.028270016792
118.599999999905,-22.088470458984375,55.02077183127403,363.6905947376292
118.79999999990453,-16.5382080078125,63.05245926976204,375.3943918782715
118.99999999990406,-9.32427978515625,72.03949159383774,383.7573489768454
119.1999999999036,12.181396484375,65.03273010253906,249.27664162374083
119.39999999990313,2.86248779296875,44.92932419478893,198.41088169584273
119.59999999990266,-38.286773681640625,40.81981589645147,373.11120893943155
119.7999999999022,-6.198944091796875,51.885407373309135,273.95849967991035
119.99999999990173,-13.75830078125,37.098538637161255,239.8694841914535
120.19999999990127,-30.082672119140625,22.659873008728027,248.7635338618047
120.3999999999008,-39.3519287109375,23.430197820067406,296.1158514695832
120.59999999990033,-36.26129150390625,10.080376267433167,218.5733929202584
120.79999999989987,-41.3843994140625,38.366186648607254,376.1486588939175
120.9999999998994,-26.396209716796875,55.56492844969034,386.5748670300265
121.19999999989894,-8.5137939453125,50.009725242853165,276.0298618881902
121.39999999989847,-12.24658203125,42.29395255073905,257.2438642927477
121.599999999898,-26.693695068359375,29.662601482123137,265.80801990638395
121.79999999989754,-37.42791748046875,26.834389306604862,303.0972148140981
121.99999999989707,-25.493072509765625,31.968941867351532,271.02320763273974
122.1999999998966,-29.27032470703125,41.498817563056946,333.78711392851915
122.39999999989614,-24.7076416015625,44.368476301431656,325.80185793733796
122.59999999989567,-17.879730224609375,31.11291804909706,231.07690931994588
122.7999999998952,-45.8955078125,16.08166342973709,292.3192291839282
122.99999999989474,-25.087005615234375,29.59779354929924,257.9242972767434
123.19999999989427,-46.252685546875,12.190443068742752,275.6506946927561
123.39999999989381,-29.47015380859375,14.284992426633835,206.3739012921447
123.59999999989334,-40.948760986328125,13.779602080583572,258.1297691643458
123.79999999989288,-28.659271240234375,22.083904027938843,239.33338007250998
123.99999999989241,-20.82501220703125,25.786346182227135,219.84540569476988
124.19999999989194,-24.27703857421875,23.530408039689064,225.486831091533
124.39999999989148,-34.82952880859375,15.35068007837981,236.6781137008722
124.59999999989101,-49.233856201171875,10.983230898156762,284.01768153918476
124.79999999989055,-38.9246826171875,11.385407581925392,237.29070708467756
124.99999999989008,-27.73699951171875,15.964222073554993,206.11956228646616
125.19999999988961,-37.2486572265625,15.232681073248386,247.53153541616751
125.39999999988915,-38.156494140625,16.03412565588951,255.59346918242244
125.59999999988868,-39.854156494140625,22.595314890146255,294.546862531824
125.79999999988821,-20.071441650390625,42.82608424127102,296.6601398176856
125.99999999988775,-28.54364013671875,45.631955318152905,349.853864786429
126.19999999988728,-24.603057861328125,49.551892936229706,349.7564929607748
126.39999999988682,-21.64056396484375,36.74828824400902,275.39469660393723
126.59999999988635,-36.406402587890625,35.06105536222458,337.0807637873471
126.79999999988588,-13.0714111328125,45.59393785893917,276.69881108397595
126.99999999988542,-3.64117431640625,50.726653307676315,256.4292810551132
127.19999999988495,-21.500030517578125,52.1669734865427,347.45506119676634
127.39999999988449,-14.00054931640625,68.83250354230404,390.687307556694
127.59999999988402,-13.31451416015625,68.8217708170414,387.400957986982
127.79999999988355,-14.048614501953125,66.72149756550789,380.95731746738994
127.99999999988309,0.849639892578125,55.34671175479889,257.038869639293
128.19999999988403,-43.02728271484375,33.39025780558586,360.42813980254954
128.39999999988498,-36.143402099609375,48.44598875939846,398.97118628402023
128.59999999988594,-31.813629150390625,41.5766022503376,346.14964579200813
128.7999999998869,-22.7764892578125,53.752663135528564,360.95456422630605
128.99999999988785,-23.006072998046875,50.77599540352821,347.9977696698407
129.1999999998888,-17.955078125,33.10514831542969,240.82877188256262
129.39999999988976,-29.852813720703125,27.086075216531754,268.5558535685278
129.5999999998907,-25.224212646484375,52.53885692358017,366.77441225658856
129.79999999989167,1.557464599609375,88.79352533817291,411.4543713598952
129.99999999989262,11.53802490234375,97.8497556252405,407.0947106610355
130.19999999989358,16.718109130859375,116.35174273326993,469.92830411082366
130.39999999989453,18.56610107421875,88.7121032178402,330.848034299822
130.5999999998955,-10.018157958984375,89.87889522314072,471.1707391389269
130.79999999989644,5.28155517578125,93.17965172231197,414.5769049185943
130.9999999998974,14.625152587890625,91.69403237104416,363.50022243233775
131.19999999989835,-26.725189208984375,59.25659316778183,405.5384885186208
131.3999999998993,-32.7874755859375,47.408997401595116,378.2517126404279
131.59999999990026,-33.6063232421875,38.70955216884613,341.0823781435835
131.79999999990122,-20.027740478515625,41.52063012123108,290.29676396368694
131.99999999990217,-16.927459716796875,51.72816787660122,323.81858892526884
132.19999999990313,-34.4697265625,56.41975963115692,428.6859824758609
132.39999999990408,-23.5408935546875,51.05697412788868,351.8455383274158
132.59999999990504,-10.00128173828125,48.70243567228317,276.87977814632404
132.799999999906,-7.58648681640625,60.31244019046426,320.2495629800184
132.99999999990695,-14.046875,84.09849452972412,462.9088129364128
133.1999999999079,-11.909210205078125,66.84408715367317,371.44488394969085
133.39999999990886,-26.931304931640625,37.60686081647873,304.39832096722006
133.5999999999098,-22.415802001953125,42.07313224673271,304.1661175013709
133.79999999991077,-32.40582275390625,33.05964648723602,308.7720062591892
133.99999999991172,-26.0943603515625,27.864058073610067,254.49827679907162
134.19999999991268,-40.595184326171875,27.42571148276329,320.8248365120206
134.39999999991363,-30.44610595703125,29.664200320839882,283.514043073691
134.5999999999146,-34.237091064453125,27.37496092915535,290.59712126612453
134.79999999991554,-23.05145263671875,43.57412275671959,314.24371994688346
134.9999999999165,-39.98974609375,49.814869835972786,423.56912359118706
135.19999999991745,-22.97845458984375,54.89226174354553,367.282134991404
135.3999999999184,-27.551055908203125,53.722073666751385,383.32983120283956
135.59999999991936,-25.105804443359375,60.620772272348404,404.3347949548666
135.79999999992032,-3.768798828125,59.95914265140891,300.5768472066106
135.99999999992127,-23.881500244140625,45.48548139631748,327.17373506287987
136.19999999992223,-17.737945556640625,49.91207555681467,319.07558266687874
136.39999999992318,-9.84619140625,38.33192175626755,227.23510319886054
136.59999999992414,-54.166778564453125,26.097250416874886,378.5703447373308
136.7999999999251,-49.527618408203125,9.29342232644558,277.43314098903215
136.99999999992605,-49.343963623046875,7.967040844261646,270.3109598881329
137.199999999927,-44.346771240234375,5.853144749999046,236.7710634938186
137.39999999992796,-41.3231201171875,13.92101189494133,260.5624258584308
137.5999999999289,-39.66912841796875,18.215636134147644,273.0171354422253
137.79999999992987,-40.09625244140625,31.566222872585058,338.0005754590178
137.99999999993082,-33.978607177734375,31.233005955815315,307.57467794930136
138.19999999993178,-25.41522216796875,38.478399492800236,301.358288209789
138.39999999993273,-44.182861328125,26.84124189428985,334.98965330813735
138.5999999999337,-25.7403564453125,24.360212698578835,236.30248783987233
138.79999999993464,-38.846588134765625,14.573111351579428,251.95737501558517
138.9999999999356,-29.15570068359375,31.790700763463974,287.4575385653741
139.19999999993655,-25.48846435546875,22.932189755141735,228.37906284675987
139.3999999999375,-44.28411865234375,20.121887981891632,303.7749841881148
139.59999999993846,-33.630340576171875,15.639760985970497,232.38553521855525
139.79999999993942,-24.164031982421875,26.62266593426466,239.53865738366267
139.99999999994037,-31.38818359375,41.413990050554276,343.37603436980226
140.19999999994133,-22.3309326171875,49.64732179045677,339.4899674302688
140.39999999994228,-18.489349365234375,38.190278112888336,267.3330305779696
140.59999999994324,-21.7568359375,53.44115473330021,354.67605617482684
140.7999999999442,-11.483795166015625,65.43322272226214,362.78395624653547
140.99999999994515,-21.235504150390625,63.311479449272156,398.7711697760854
141.1999999999461,-32.864532470703125,38.07412123680115,334.58662529262546
141.39999999994706,-13.61639404296875,45.67651253938675,279.65872596032347
141.599999999948,7.619171142578125,61.474776208400726,254.01335111833146
141.79999999994897,-12.8116455078125,70.76767101883888,394.2071071185018
141.99999999994992,-25.62738037109375,62.44233566522598,415.38635904440434
142.19999999995088,-10.57086181640625,60.815559566020966,336.698549715174
142.39999999995183,-30.373748779296875,49.341104321181774,375.98012212860857
142.5999999999528,-4.054931640625,48.798964351415634,249.28872722141278
142.79999999995374,-38.94140625,31.39312931522727,331.73726404965714
142.9999999999547,-24.13824462890625,26.257585525512695,237.6951049805959
143.19999999995565,-22.482025146484375,30.59353269636631,250.33420929278748
143.3999999999566,-28.95819091796875,28.035784006118774,268.81567009278746
143.59999999995756,-24.8563232421875,36.5221210680902,289.4952959237611
143.79999999995852,-30.951385498046875,40.226713955402374,335.7159862247731
143.99999999995947,2.298309326171875,64.3473034799099,292.65798646676126
144.19999999996043,-25.438201904296875,75.25369215011597,474.9196561426234
144.39999999996138,-14.06719970703125,62.10033788532019,359.24898525637155
144.59999999996234,6.791534423828125,83.51682651042938,361.8796694351594
144.7999999999633,-15.174285888671875,57.882650174200535,344.5776373524521
144.99999999996425,-7.849578857421875,59.145577520132065,315.9868719209459
145.1999999999652,-10.553955078125,69.14555203914642,375.90774183289176
145.39999999996616,-9.902618408203125,82.39442743360996,435.32482615220806
145.5999999999671,-1.689178466796875,79.49457103013992,382.908264439032
145.79999999996807,1.15020751953125,63.85151633620262,295.7346696330317
145.99999999996902,-17.91937255859375,69.6978799328208,413.25228625551307
146.19999999996998,-4.590362548828125,56.05816935002804,286.05261809252255
146.39999999997093,-19.796600341796875,39.02748107910156,277.4474825771185
146.59999999997189,-21.85235595703125,36.169843688607216,273.66535671137893
146.79999999997284,-31.744232177734375,45.890875935554504,366.1708739914471
146.9999999999738,-19.698883056640625,42.6438574725762,294.0434597359417
147.19999999997475,-17.928192138671875,56.61374247074127,351.5817264672552
147.3999999999757,-22.35772705078125,32.43113747239113,258.41512809093354
147.59999999997666,-26.40020751953125,38.76269603520632,307.3449361549142
147.79999999997762,-9.93853759765625,43.04455703124404,249.89810072429205
147.99999999997857,-12.94354248046875,42.899858102202415,263.3889137910667
148.19999999997953,-33.08819580078125,50.26447144150734,393.13810150285235
148.39999999998048,-12.58331298828125,64.91113352775574,365.50743471436647
148.59999999998143,-28.464202880859375,55.056155264377594,393.92902620155206
148.7999999999824,-12.99908447265625,46.26048291474581,279.50147954886154
148.99999999998334,-31.84051513671875,41.086726278066635,343.96592438139857
149.1999999999843,-31.8231201171875,34.9858154207468,315.1085496096091
149.39999999998525,-28.659881591796875,32.65625247359276,289.201405731762
149.5999999999862,-40.689453125,4.336537271738052,212.3679177704648
149.79999999998716,-50.57659912109375,-10.479844376444817,189.11886755723634
149.99999999998812,-45.784576416015625,-6.598820179700851,184.82208575183398
150.19999999998907,-55.1566162109375,-7.8160847425460815,223.28459641873403
150.39999999999003,-41.079132080078125,3.0808484703302383,208.28332782112125
150.59999999999098,-45.4984130859375,17.898830994963646,299.01709211092174
150.79999999999194,-46.65045166015625,14.846124410629272,290.0524718077462
150.9999999999929,-33.809722900390625,26.51080909371376,284.5055858965113
151.19999999999385,-42.013427734375,40.411805763840675,388.7638018736075
151.3999999999948,-37.435211181640625,55.2535095512867,437.17218542928305
151.59999999999576,-18.06597900390625,59.45861208438873,365.64961348680663
151.79999999999671,-33.0816650390625,41.99841696768999,354.11993253933815
151.99999999999767,-38.188751220703125,52.13525927066803,426.01888073337665
152.19999999999862,-31.340850830078125,61.64475852996111,438.5724793260733
152.39999999999958,-29.15234375,63.38292171061039,436.4484039784877
152.60000000000053,-30.250213623046875,55.039988577365875,402.27660708682106
152.8000000000015,-7.019195556640625,53.73590540885925,286.5552578031086
153.00000000000244,-17.813079833984375,35.04858061671257,249.32534877938244
153.2000000000034,-41.506622314453125,21.49747398495674,297.16278585367553
153.40000000000435,-19.1656494140625,49.66730156540871,324.6549458369223
153.6000000000053,-45.931854248046875,54.7889506816864,475.0560161058052
153.80000000000626,-16.221435546875,49.3399840593338,309.2245621954151
154.00000000000722,-22.19439697265625,39.62341785430908,291.5676146209517
154.20000000000817,-20.7071533203125,33.10236148536205,253.7959635052907
154.40000000000913,-8.395904541015625,44.0963337123394,247.58294573313262
154.60000000001008,-35.39410400390625,44.516386449337006,376.90285801689583
154.80000000001104,-16.742584228515625,43.47577494382858,284.0236813516306
155.000000000012,-9.057281494140625,60.55054756999016,328.3097070962558
155.20000000001295,-13.69281005859375,68.41736423969269,387.2778053264167
155.4000000000139,-19.95849609375,58.145686864852905,368.3832950242793
155.60000000001486,-13.48321533203125,45.29741287231445,277.24253274617814
155.8000000000158,-20.13427734375,40.25990852713585,284.85297904233613
156.00000000001677,-8.34002685546875,38.91868667304516,222.8986969554473
156.20000000001772,-33.176025390625,36.336461797356606,327.8600211363086
156.40000000001868,-0.05987548828125,56.15987867489457,265.16400914228467
156.60000000001963,-23.0496826171875,48.69750837236643,338.4001422750551
156.8000000000206,-30.1959228515625,38.86446948349476,325.72768730635147
157.00000000002154,-15.889373779296875,42.53313471376896,275.5534385868507
157.2000000000225,-38.98638916015625,30.517710745334625,327.82046199052155
157.40000000002345,-32.26177978515625,43.806259863078594,358.7796969402613
157.6000000000244,-27.84674072265625,37.773425936698914,309.501646369287
157.80000000002536,-28.43707275390625,33.64755395054817,292.8260496350295
158.00000000002632,-25.784393310546875,41.52514646947384,317.4696810268684
158.20000000002727,-38.9521484375,56.46288013458252,450.0309879542494
158.40000000002823,-38.1024169921875,47.34522498399019,403.0191816989249
158.60000000002918,-12.53106689453125,48.932447481900454,289.896534245329
158.80000000003014,-43.1409912109375,35.64590930938721,371.6033753763306
159.0000000000311,-48.52667236328125,38.90093678236008,412.3578214784807
159.20000000003205,-11.2906494140625,31.60162813216448,202.30412680905715
159.400000000033,-34.1568603515625,34.021592542529106,321.5679644212533
159.60000000003396,-36.192291259765625,25.203105196356773,289.57525178665406
159.8000000000349,1.02081298828125,43.41066613793373,199.9344105185891
160.00000000003587,-12.32421875,39.05149328708649,242.31677955675764
160.20000000003682,-12.849884033203125,46.94846188277006,282.04266239112445
160.40000000003778,-38.2532958984375,41.223004296422005,374.8549723340557
160.60000000003873,-24.490692138671875,49.88068103045225,350.7772626985085
160.8000000000397,-29.286895751953125,35.4581613689661,305.3741371493637
161.00000000004064,-35.238189697265625,37.9712290763855,345.29683165553655
161.2000000000416,-12.62152099609375,26.041130430996418,182.35482899341753
161.40000000004255,-26.404998779296875,26.817029789090157,251.02504768906485
161.6000000000435,-26.508819580078125,29.788086771965027,265.5279022972562
161.80000000004446,-32.583648681640625,32.43241637945175,306.65236315720307
162.00000000004542,-24.140228271484375,32.71669426560402,268.1692538830379
162.20000000004637,-37.89776611328125,54.44160908460617,435.524475224463
162.40000000004733,-22.21002197265625,50.966611517593265,345.14219780277364
162.60000000004828,-22.21575927734375,60.74710354954004,391.29956444219397
162.80000000004924,-27.61175537109375,54.37894034385681,386.7142770677902
163.0000000000502,-22.58563232421875,34.11944943014532,267.45308727402676
163.20000000005115,-24.8211669921875,30.571061618626118,261.26093278774994
163.4000000000521,-33.216766357421875,25.822223607450724,278.46111225172933
163.60000000005306,-26.297454833984375,25.447131752967834,244.05659958921552
163.800000000054,-40.699249267578125,13.689425937831402,256.52760998464805
164.00000000005497,-21.12762451171875,38.654656648635864,281.96689196008793
164.20000000005592,-6.828826904296875,66.33588987588882,345.08599188968594
164.40000000005688,-11.45257568359375,79.74323415756226,430.1307772401743
164.60000000005783,9.33575439453125,86.55152156949043,364.1930260613005
164.8000000000588,-14.225738525390625,77.68179878592491,433.48768465133855
165.00000000005974,-34.4071044921875,58.683936685323715,439.0697551293592
165.2000000000607,-21.83209228515625,40.12630346417427,292.2306733898513
165.40000000006165,-15.12109375,43.41459347307682,276.0872531907395
165.6000000000626,-19.27459716796875,51.91755749285221,335.78227849501656
165.80000000006356,-10.9871826171875,52.058405697345734,297.35848555463065
166.00000000006452,-11.400177001953125,69.02155214548111,379.31414749686905
166.20000000006547,-4.64617919921875,67.44974043220282,340.0449428643991
166.40000000006643,-7.405059814453125,59.776944413781166,316.86815156941634
166.60000000006738,-38.276885986328125,45.89120823144913,396.984114158044
166.80000000006834,-26.004730224609375,45.836968511343,338.84589400953047
167.0000000000693,-7.151885986328125,59.578384295105934,314.7375199759101
167.20000000007025,-22.55511474609375,47.087304666638374,328.4728546526492
167.4000000000712,-29.91900634765625,49.62279234826565,375.1639001369789
167.60000000007216,-5.996734619140625,44.12202641367912,236.38829102905254
167.8000000000731,-21.633087158203125,43.88628304004669,309.0262335160669
168.00000000007407,-15.661956787109375,38.09551724046469,253.55050989978477
168.20000000007502,-20.786590576171875,54.26221591234207,353.97241958899576
168.40000000007598,-44.12225341796875,40.874467223882675,400.89238284330025
168.60000000007693,-29.140106201171875,36.62491512298584,310.18486251339397
168.8000000000779,-35.3203125,30.410121887922287,310.02173105163916
169.00000000007884,-31.223175048828125,43.685629576444626,353.3120919889021
169.2000000000798,-30.6041259765625,33.4167587608099,301.95853252088995
169.40000000008075,-27.840240478515625,36.585124619305134,303.86628960009216
169.6000000000817,-39.808837890625,46.56414544582367,407.38361246826724
169.80000000008266,-11.14453125,36.08380749076605,222.75543235715872
170.00000000008362,-11.010223388671875,57.23034918308258,321.86095579093984
170.20000000008457,-12.814727783203125,50.56659857928753,298.9420151901321
170.40000000008553,-22.524169921875,31.418703466653824,254.42495765529245
170.60000000008648,-18.435760498046875,32.55846168100834,240.5174586292935
170.80000000008744,-27.059173583984375,21.245278852060437,227.83099033460607
171.0000000000884,-25.121612548828125,34.04067950695753,279.04267432450604
171.20000000008935,-19.5367431640625,46.764156222343445,312.7123651236813
171.4000000000903,-18.489044189453125,38.65867434442043,269.5408115054045
171.60000000009126,-5.005126953125,36.61068417131901,196.2835925862807
171.8000000000922,-12.27581787109375,50.33970865607262,295.3300720651994
172.00000000009317,-21.22119140625,61.88344660401344,391.9682560183385
172.20000000009412,-15.58624267578125,49.50172147154808,306.99147972297317
172.40000000009508,-31.22137451171875,50.60447944700718,385.9367905489465
172.60000000009603,-15.7376708984375,58.4739006459713,350.02354827716863
172.800000000097,-31.512115478515625,52.610578164458275,396.76997948934235
173.00000000009794,-26.026214599609375,69.08090537786484,448.5787176871342
173.2000000000989,-25.91278076171875,59.153025060892105,401.2182274467704
173.40000000009985,-11.558441162109375,68.0958808362484,375.6946233754553
173.6000000001008,-29.981719970703125,67.66323354840279,460.5485693247211
173.80000000010176,0.878875732421875,51.39613150060177,238.26781653077384
174.00000000010272,-16.057373046875,38.466635689139366,257.16591910002415
174.20000000010367,-16.156707763671875,39.80049850419164,263.9256854685308
174.40000000010463,0.577484130859375,46.00941690057516,214.28257052378498
174.60000000010558,-30.9281005859375,41.405481830239296,341.1658943478706
174.80000000010654,-27.764739990234375,40.0158331990242,319.69133974972493
175.0000000001075,-8.320556640625,40.28266479820013,229.24015314159257
175.20000000010845,-21.17138671875,35.89508254826069,269.1575942241853
175.4000000001094,-38.41876220703125,14.35493215918541,248.91045120509494
175.60000000011036,-39.3677978515625,19.335918560624123,276.8797734374123
175.8000000001113,-43.837127685546875,7.01153102517128,239.8308993687019
176.00000000011227,-50.6842041015625,-0.018148064613342285,238.96964236433735
176.20000000011322,-45.7249755859375,3.57049822807312,232.50520504149372
176.40000000011418,-40.943603515625,10.205253943800926,241.24680566234753
176.60000000011513,-45.0899658203125,4.8268246948719025,235.43568437002506
176.80000000011609,-49.562347412109375,5.798097372055054,261.11102236879435
177.00000000011704,-60.86370849609375,7.181341528892517,320.93876139236096
177.200000000118,-45.10284423828125,10.645468778908253,262.9404273033899
177.40000000011895,-40.505950927734375,15.331894755363464,263.3627137575879
177.6000000001199,-42.781402587890625,10.048620998859406,249.1761315192624
177.80000000012086,-44.15338134765625,10.43235770240426,257.45707401170483
178.00000000012182,-44.8580322265625,4.623029500246048,233.3805421136377
178.20000000012277,-51.700836181640625,11.530895411968231,298.2364420467797
178.40000000012373,-42.760589599609375,15.673953767865896,275.61020182951205
178.60000000012468,-55.313018798828125,10.804083555936813,311.8454748552371
178.80000000012564,-43.855224609375,25.183660924434662,325.6262491245678
179.0000000001266,-48.55322265625,16.420491725206375,306.4526135110273
179.20000000012755,-43.795806884765625,18.567582607269287,294.1408518687778
179.4000000001285,-36.78173828125,19.196245834231377,264.02368549463745
179.60000000012946,-31.83758544921875,5.027854651212692,173.87816864962514
179.8000000001304,-26.001251220703125,29.857205152511597,263.45992537481976
180.00000000013137,-50.56298828125,16.672422111034393,317.12004510369496
180.20000000013232,-42.52056884765625,5.010622709989548,224.1838567303921
180.40000000013328,-50.381256103515625,-6.808064237236977,205.51570205827014
180.60000000013423,-67.351806640625,2.397697012871504,328.9779242144019
180.80000000013519,-39.503692626953125,4.489099815487862,207.49477458659678
181.00000000013614,-51.892669677734375,14.263778060674667,312.0310498337052
181.2000000001371,-46.894195556640625,1.757465049624443,229.4686195237224
181.40000000013805,-50.135498046875,13.592362433671951,300.5764651697903
181.600000000139,-51.006561279296875,6.378812700510025,270.66172837486073
181.80000000013996,-46.08758544921875,16.276232570409775,294.14287304614584
182.00000000014091,-24.4141845703125,28.016356647014618,247.29194777931957
182.20000000014187,-30.74755859375,34.9711389541626,309.9663735069833
182.40000000014282,-22.293914794921875,46.09445112943649,322.5580324410313
182.60000000014378,-12.2637939453125,59.68227279186249,339.3381522565166
182.80000000014473,-23.14874267578125,67.44105383753777,427.27247723522396
183.0000000001457,-30.40380859375,64.90361851453781,449.52347887751864
183.20000000014664,-6.501068115234375,86.85311430692673,440.3108773726108
183.4000000001476,-16.62322998046875,67.51347151398659,396.8360484025487
183.60000000014855,-29.33221435546875,43.45320927351713,343.2970318682593
183.8000000001495,-18.093780517578125,47.909398186951876,311.3081467882246
184.00000000015046,-32.58111572265625,39.258888959884644,338.8379038999867
184.20000000015142,-24.9071044921875,29.147240284830332,254.95071947542797
184.40000000015237,-26.52008056640625,20.358295932412148,221.10481341539105
184.60000000015333,-28.556854248046875,25.364780887961388,254.32478610048304
184.80000000015428,-38.35992431640625,23.8233058527112,293.291119082496
185.00000000015524,-39.497161865234375,17.625573862344027,269.4229785270243
185.2000000001562,-30.420745849609375,20.659560829401016,240.92348159173602
185.40000000015715,-32.4349365234375,17.958841484040022,237.68542590037868
185.6000000001581,-55.019927978515625,-3.4124830961227417,243.40976210757145
185.80000000015906,-35.835296630859375,11.027858391404152,221.0330203631368
186.00000000016001,-39.134674072265625,19.462659239768982,276.3780108494896
186.20000000016097,-17.175201416015625,21.41770465672016,182.0258706396336
186.40000000016192,-44.782806396484375,20.587959825992584,308.3253335107762
186.60000000016288,-24.90631103515625,20.14240872859955,212.47512226065518
186.80000000016383,-46.5750732421875,10.887817043811083,271.0273389121112
187.0000000001648,-44.253326416015625,19.5420019030571,300.8946814768153
187.20000000016574,-50.2432861328125,17.724349230527878,320.5736302680085
187.4000000001667,-59.436737060546875,25.36493268609047,399.97241301896344
187.60000000016765,-44.5462646484375,28.217868477106094,343.1966138686887
187.8000000001686,-44.62799072265625,14.046187490224838,276.7404546611693
188.00000000016956,-46.355804443359375,14.114388674497604,285.21147200678837
188.20000000017052,-31.771484375,15.867330975830555,224.69147112509648
188.40000000017147,-42.505126953125,5.574581254273653,226.77097003415375
188.60000000017243,-40.65167236328125,9.463096737861633,236.36946283203505
188.80000000017338,-54.3675537109375,10.905047461390495,307.86233187296034
189.00000000017434,-34.114837646484375,39.6949719786644,348.1286128969377
189.2000000001753,-39.8665771484375,36.23933410644531,358.9583207567634
189.40000000017625,-23.9998779296875,49.76707372814417,347.9264705964839
189.6000000001772,-19.54217529296875,48.516761302948,321.0042582782149
189.80000000017816,-29.768157958984375,38.75621611997485,323.1995234629474
190.0000000001791,-25.5242919921875,57.14379207789898,389.9092218815438
190.20000000018007,-20.74847412109375,35.38145834207535,264.74035944056897
190.40000000018102,-22.329559326171875,50.671140015125275,344.31239331544265
190.60000000018198,-28.647735595703125,48.25657644495368,362.7240283164889
190.80000000018293,2.07977294921875,76.26997178792953,349.9227425654849
191.0000000001839,-49.16265869140625,69.57765435427427,560.0461603339029
191.20000000018484,-14.583251953125,71.34591186791658,405.29030978858367
191.4000000001858,-29.39410400390625,44.065421871840954,346.476477545027
191.60000000018675,-16.709381103515625,50.93394675850868,319.04401352521216
191.8000000001877,-25.470001220703125,65.95068255066872,431.1914092862438
192.00000000018866,-2.782958984375,65.86151517927647,323.7659830718402
192.20000000018962,-5.50994873046875,70.52488571405411,358.6230825069235
192.40000000019057,-28.372039794921875,38.5283118635416,315.53971949607626
192.60000000019153,-28.041534423828125,39.54438795521855,318.7732569514834
192.80000000019248,-26.591583251953125,44.45335233211517,335.0879104531241
193.00000000019344,-22.486602783203125,45.38985101878643,320.1435666946698
193.2000000001944,-21.022857666015625,47.21204850077629,321.83422983527424
193.40000000019535,-23.076934814453125,46.153465270996094,326.5295395618478
193.6000000001963,-5.030242919921875,49.14145454764366,255.50422082690926
193.80000000019726,-19.576873779296875,50.813079446554184,331.99864493413486
194.0000000001982,-30.223175048828125,45.03168015182018,354.94426130907107
194.20000000019917,-26.24200439453125,34.025063186883926,284.25341762886
194.40000000020012,-32.731475830078125,24.596942856907845,270.39309515134227
194.60000000020108,-24.29461669921875,22.680335879325867,221.56032057419364
194.80000000020203,-44.359375,24.028777986764908,322.55702810746885
195.000000000203,-22.7437744140625,34.64343589544296,270.6703895394678
195.20000000020394,-39.087371826171875,44.17410612106323,392.70800145301826
195.4000000002049,-27.0572509765625,44.45216144621372,337.2786446983869
195.60000000020585,-37.176239013671875,44.635778963565826,385.87153227138117
195.8000000002068,-10.18878173828125,46.35213768482208,266.6788053057902
196.00000000020776,-26.92694091796875,30.70697772502899,271.83400492291025
196.20000000020872,-36.165771484375,14.503607898950577,238.98531713670263
196.40000000020967,-31.6690673828125,7.697446070611477,185.6746385437043
196.60000000021063,-37.6673583984375,-1.5937108751386404,170.14362912189628
196.80000000021158,-30.78155517578125,15.736712291836739,219.40633650344486
197.00000000021254,-14.536102294921875,40.68590039014816,260.4580514944751
197.2000000002135,-14.335113525390625,38.031849697232246,246.9920781655167
197.40000000021445,-23.88568115234375,22.472923547029495,218.6532770073885
197.6000000002154,-32.65594482421875,17.812167152762413,238.03602674633464
197.80000000021636,-27.22686767578125,30.133891344070435,270.54563036689615
198.0000000002173,5.165740966796875,50.25269488245249,212.65545604465723
198.20000000021827,-23.670013427734375,44.135298520326614,319.8080216627445
198.40000000021922,-31.82366943359375,40.44493758678436,340.8594338038494
198.60000000022018,-35.706085205078125,34.89701125025749,333.0039483918415
198.80000000022113,-35.102294921875,25.862525895237923,287.5444146836071
199.0000000002221,-31.74908447265625,25.40883074514568,269.58890480696107
199.20000000022304,-31.407623291015625,25.68996861577034,269.30438611363303
199.400000000224,-15.528656005859375,44.29397886991501,282.15722279884324
199.60000000022495,-19.207550048828125,34.27879882603884,252.27173105165141
199.8000000002259,-37.730743408203125,36.22927759587765,348.837094320403
200.00000000022686,-15.574005126953125,49.6582833789289,307.67219464427376
